{
"ground-truth":
[
{"unknown-text": "unknown00001.txt", "true-author": "candidate00029"},
{"unknown-text": "unknown00002.txt", "true-author": "candidate00018"},
{"unknown-text": "unknown00003.txt", "true-author": "candidate00005"},
{"unknown-text": "unknown00004.txt", "true-author": "candidate00018"},
{"unknown-text": "unknown00005.txt", "true-author": "candidate00050"},
{"unknown-text": "unknown00006.txt", "true-author": "candidate00063"},
{"unknown-text": "unknown00007.txt", "true-author": "candidate00043"},
{"unknown-text": "unknown00008.txt", "true-author": "candidate00005"},
{"unknown-text": "unknown00009.txt", "true-author": "candidate00037"},
{"unknown-text": "unknown00010.txt", "true-author": "candidate00006"},
{"unknown-text": "unknown00011.txt", "true-author": "candidate00014"},
{"unknown-text": "unknown00012.txt", "true-author": "candidate00029"},
{"unknown-text": "unknown00013.txt", "true-author": "candidate00060"},
{"unknown-text": "unknown00014.txt", "true-author": "candidate00068"},
{"unknown-text": "unknown00015.txt", "true-author": "candidate00023"},
{"unknown-text": "unknown00016.txt", "true-author": "candidate00057"},
{"unknown-text": "unknown00017.txt", "true-author": "candidate00071"},
{"unknown-text": "unknown00018.txt", "true-author": "candidate00059"},
{"unknown-text": "unknown00019.txt", "true-author": "candidate00017"},
{"unknown-text": "unknown00020.txt", "true-author": "candidate00054"},
{"unknown-text": "unknown00021.txt", "true-author": "candidate00058"},
{"unknown-text": "unknown00022.txt", "true-author": "candidate00035"},
{"unknown-text": "unknown00023.txt", "true-author": "candidate00072"},
{"unknown-text": "unknown00024.txt", "true-author": "candidate00012"},
{"unknown-text": "unknown00025.txt", "true-author": "candidate00010"},
{"unknown-text": "unknown00026.txt", "true-author": "candidate00059"},
{"unknown-text": "unknown00027.txt", "true-author": "candidate00012"},
{"unknown-text": "unknown00028.txt", "true-author": "candidate00035"},
{"unknown-text": "unknown00029.txt", "true-author": "candidate00002"},
{"unknown-text": "unknown00030.txt", "true-author": "candidate00066"},
{"unknown-text": "unknown00031.txt", "true-author": "candidate00031"},
{"unknown-text": "unknown00032.txt", "true-author": "candidate00017"},
{"unknown-text": "unknown00033.txt", "true-author": "candidate00017"},
{"unknown-text": "unknown00034.txt", "true-author": "candidate00002"},
{"unknown-text": "unknown00035.txt", "true-author": "candidate00002"},
{"unknown-text": "unknown00036.txt", "true-author": "candidate00018"},
{"unknown-text": "unknown00037.txt", "true-author": "candidate00057"},
{"unknown-text": "unknown00038.txt", "true-author": "candidate00049"},
{"unknown-text": "unknown00039.txt", "true-author": "candidate00012"},
{"unknown-text": "unknown00040.txt", "true-author": "candidate00060"},
{"unknown-text": "unknown00041.txt", "true-author": "candidate00068"},
{"unknown-text": "unknown00042.txt", "true-author": "candidate00013"},
{"unknown-text": "unknown00043.txt", "true-author": "candidate00032"},
{"unknown-text": "unknown00044.txt", "true-author": "candidate00063"},
{"unknown-text": "unknown00045.txt", "true-author": "candidate00006"},
{"unknown-text": "unknown00046.txt", "true-author": "candidate00064"},
{"unknown-text": "unknown00047.txt", "true-author": "candidate00023"},
{"unknown-text": "unknown00048.txt", "true-author": "candidate00058"},
{"unknown-text": "unknown00049.txt", "true-author": "candidate00002"},
{"unknown-text": "unknown00050.txt", "true-author": "candidate00071"},
{"unknown-text": "unknown00051.txt", "true-author": "candidate00041"},
{"unknown-text": "unknown00052.txt", "true-author": "candidate00071"},
{"unknown-text": "unknown00053.txt", "true-author": "candidate00066"},
{"unknown-text": "unknown00054.txt", "true-author": "candidate00043"},
{"unknown-text": "unknown00055.txt", "true-author": "candidate00032"},
{"unknown-text": "unknown00056.txt", "true-author": "candidate00005"},
{"unknown-text": "unknown00057.txt", "true-author": "candidate00044"},
{"unknown-text": "unknown00058.txt", "true-author": "candidate00034"},
{"unknown-text": "unknown00059.txt", "true-author": "candidate00015"},
{"unknown-text": "unknown00060.txt", "true-author": "candidate00037"},
{"unknown-text": "unknown00061.txt", "true-author": "candidate00005"},
{"unknown-text": "unknown00062.txt", "true-author": "candidate00035"},
{"unknown-text": "unknown00063.txt", "true-author": "candidate00064"},
{"unknown-text": "unknown00064.txt", "true-author": "candidate00071"},
{"unknown-text": "unknown00065.txt", "true-author": "candidate00029"},
{"unknown-text": "unknown00066.txt", "true-author": "candidate00036"},
{"unknown-text": "unknown00067.txt", "true-author": "candidate00049"},
{"unknown-text": "unknown00068.txt", "true-author": "candidate00013"},
{"unknown-text": "unknown00069.txt", "true-author": "candidate00006"},
{"unknown-text": "unknown00070.txt", "true-author": "candidate00058"},
{"unknown-text": "unknown00071.txt", "true-author": "candidate00014"},
{"unknown-text": "unknown00072.txt", "true-author": "candidate00043"},
{"unknown-text": "unknown00073.txt", "true-author": "candidate00041"},
{"unknown-text": "unknown00074.txt", "true-author": "candidate00034"},
{"unknown-text": "unknown00075.txt", "true-author": "candidate00023"},
{"unknown-text": "unknown00076.txt", "true-author": "candidate00058"},
{"unknown-text": "unknown00077.txt", "true-author": "candidate00060"},
{"unknown-text": "unknown00078.txt", "true-author": "candidate00017"},
{"unknown-text": "unknown00079.txt", "true-author": "candidate00017"},
{"unknown-text": "unknown00080.txt", "true-author": "candidate00071"},
{"unknown-text": "unknown00081.txt", "true-author": "candidate00013"},
{"unknown-text": "unknown00082.txt", "true-author": "candidate00037"},
{"unknown-text": "unknown00083.txt", "true-author": "candidate00072"},
{"unknown-text": "unknown00084.txt", "true-author": "candidate00044"},
{"unknown-text": "unknown00085.txt", "true-author": "candidate00052"},
{"unknown-text": "unknown00086.txt", "true-author": "candidate00005"},
{"unknown-text": "unknown00087.txt", "true-author": "candidate00005"},
{"unknown-text": "unknown00088.txt", "true-author": "candidate00050"},
{"unknown-text": "unknown00089.txt", "true-author": "candidate00005"},
{"unknown-text": "unknown00090.txt", "true-author": "candidate00043"},
{"unknown-text": "unknown00091.txt", "true-author": "candidate00006"},
{"unknown-text": "unknown00092.txt", "true-author": "candidate00034"},
{"unknown-text": "unknown00093.txt", "true-author": "candidate00061"},
{"unknown-text": "unknown00094.txt", "true-author": "candidate00013"},
{"unknown-text": "unknown00095.txt", "true-author": "candidate00029"},
{"unknown-text": "unknown00096.txt", "true-author": "candidate00005"},
{"unknown-text": "unknown00097.txt", "true-author": "candidate00069"},
{"unknown-text": "unknown00098.txt", "true-author": "candidate00005"},
{"unknown-text": "unknown00099.txt", "true-author": "candidate00010"},
{"unknown-text": "unknown00100.txt", "true-author": "candidate00044"},
{"unknown-text": "unknown00101.txt", "true-author": "candidate00044"},
{"unknown-text": "unknown00102.txt", "true-author": "candidate00060"},
{"unknown-text": "unknown00103.txt", "true-author": "candidate00058"},
{"unknown-text": "unknown00104.txt", "true-author": "candidate00044"},
{"unknown-text": "unknown00105.txt", "true-author": "candidate00042"},
{"unknown-text": "unknown00106.txt", "true-author": "candidate00028"},
{"unknown-text": "unknown00107.txt", "true-author": "candidate00017"},
{"unknown-text": "unknown00108.txt", "true-author": "candidate00020"},
{"unknown-text": "unknown00109.txt", "true-author": "candidate00047"},
{"unknown-text": "unknown00110.txt", "true-author": "candidate00050"},
{"unknown-text": "unknown00111.txt", "true-author": "candidate00040"},
{"unknown-text": "unknown00112.txt", "true-author": "candidate00023"},
{"unknown-text": "unknown00113.txt", "true-author": "candidate00017"},
{"unknown-text": "unknown00114.txt", "true-author": "candidate00070"},
{"unknown-text": "unknown00115.txt", "true-author": "candidate00005"},
{"unknown-text": "unknown00116.txt", "true-author": "candidate00013"},
{"unknown-text": "unknown00117.txt", "true-author": "candidate00002"},
{"unknown-text": "unknown00118.txt", "true-author": "candidate00001"},
{"unknown-text": "unknown00119.txt", "true-author": "candidate00055"},
{"unknown-text": "unknown00120.txt", "true-author": "candidate00050"},
{"unknown-text": "unknown00121.txt", "true-author": "candidate00012"},
{"unknown-text": "unknown00122.txt", "true-author": "candidate00064"},
{"unknown-text": "unknown00123.txt", "true-author": "candidate00064"},
{"unknown-text": "unknown00124.txt", "true-author": "candidate00035"},
{"unknown-text": "unknown00125.txt", "true-author": "candidate00045"},
{"unknown-text": "unknown00126.txt", "true-author": "candidate00064"},
{"unknown-text": "unknown00127.txt", "true-author": "candidate00040"},
{"unknown-text": "unknown00128.txt", "true-author": "candidate00036"},
{"unknown-text": "unknown00129.txt", "true-author": "candidate00043"},
{"unknown-text": "unknown00130.txt", "true-author": "candidate00047"},
{"unknown-text": "unknown00131.txt", "true-author": "candidate00017"},
{"unknown-text": "unknown00132.txt", "true-author": "candidate00034"},
{"unknown-text": "unknown00133.txt", "true-author": "candidate00023"},
{"unknown-text": "unknown00134.txt", "true-author": "candidate00055"},
{"unknown-text": "unknown00135.txt", "true-author": "candidate00014"},
{"unknown-text": "unknown00136.txt", "true-author": "candidate00005"},
{"unknown-text": "unknown00137.txt", "true-author": "candidate00012"},
{"unknown-text": "unknown00138.txt", "true-author": "candidate00060"},
{"unknown-text": "unknown00139.txt", "true-author": "candidate00017"},
{"unknown-text": "unknown00140.txt", "true-author": "candidate00064"},
{"unknown-text": "unknown00141.txt", "true-author": "candidate00050"},
{"unknown-text": "unknown00142.txt", "true-author": "candidate00043"},
{"unknown-text": "unknown00143.txt", "true-author": "candidate00023"},
{"unknown-text": "unknown00144.txt", "true-author": "candidate00049"},
{"unknown-text": "unknown00145.txt", "true-author": "candidate00044"},
{"unknown-text": "unknown00146.txt", "true-author": "candidate00010"},
{"unknown-text": "unknown00147.txt", "true-author": "candidate00005"},
{"unknown-text": "unknown00148.txt", "true-author": "candidate00028"},
{"unknown-text": "unknown00149.txt", "true-author": "candidate00047"},
{"unknown-text": "unknown00150.txt", "true-author": "candidate00010"},
{"unknown-text": "unknown00151.txt", "true-author": "candidate00044"},
{"unknown-text": "unknown00152.txt", "true-author": "candidate00035"},
{"unknown-text": "unknown00153.txt", "true-author": "candidate00003"},
{"unknown-text": "unknown00154.txt", "true-author": "candidate00023"},
{"unknown-text": "unknown00155.txt", "true-author": "candidate00023"},
{"unknown-text": "unknown00156.txt", "true-author": "candidate00057"},
{"unknown-text": "unknown00157.txt", "true-author": "candidate00017"},
{"unknown-text": "unknown00158.txt", "true-author": "candidate00029"},
{"unknown-text": "unknown00159.txt", "true-author": "candidate00070"},
{"unknown-text": "unknown00160.txt", "true-author": "candidate00069"},
{"unknown-text": "unknown00161.txt", "true-author": "candidate00032"},
{"unknown-text": "unknown00162.txt", "true-author": "candidate00005"},
{"unknown-text": "unknown00163.txt", "true-author": "candidate00033"},
{"unknown-text": "unknown00164.txt", "true-author": "candidate00065"},
{"unknown-text": "unknown00165.txt", "true-author": "candidate00054"},
{"unknown-text": "unknown00166.txt", "true-author": "candidate00049"},
{"unknown-text": "unknown00167.txt", "true-author": "candidate00062"},
{"unknown-text": "unknown00168.txt", "true-author": "candidate00050"},
{"unknown-text": "unknown00169.txt", "true-author": "candidate00001"},
{"unknown-text": "unknown00170.txt", "true-author": "candidate00043"},
{"unknown-text": "unknown00171.txt", "true-author": "candidate00017"},
{"unknown-text": "unknown00172.txt", "true-author": "candidate00005"},
{"unknown-text": "unknown00173.txt", "true-author": "candidate00049"},
{"unknown-text": "unknown00174.txt", "true-author": "candidate00005"},
{"unknown-text": "unknown00175.txt", "true-author": "candidate00044"},
{"unknown-text": "unknown00176.txt", "true-author": "candidate00013"},
{"unknown-text": "unknown00177.txt", "true-author": "candidate00071"},
{"unknown-text": "unknown00178.txt", "true-author": "candidate00035"},
{"unknown-text": "unknown00179.txt", "true-author": "candidate00036"},
{"unknown-text": "unknown00180.txt", "true-author": "candidate00050"},
{"unknown-text": "unknown00181.txt", "true-author": "candidate00005"},
{"unknown-text": "unknown00182.txt", "true-author": "candidate00029"},
{"unknown-text": "unknown00183.txt", "true-author": "candidate00012"},
{"unknown-text": "unknown00184.txt", "true-author": "candidate00064"},
{"unknown-text": "unknown00185.txt", "true-author": "candidate00067"},
{"unknown-text": "unknown00186.txt", "true-author": "candidate00060"},
{"unknown-text": "unknown00187.txt", "true-author": "candidate00067"},
{"unknown-text": "unknown00188.txt", "true-author": "candidate00004"},
{"unknown-text": "unknown00189.txt", "true-author": "candidate00071"},
{"unknown-text": "unknown00190.txt", "true-author": "candidate00023"},
{"unknown-text": "unknown00191.txt", "true-author": "candidate00002"},
{"unknown-text": "unknown00192.txt", "true-author": "candidate00050"},
{"unknown-text": "unknown00193.txt", "true-author": "candidate00034"},
{"unknown-text": "unknown00194.txt", "true-author": "candidate00058"},
{"unknown-text": "unknown00195.txt", "true-author": "candidate00005"},
{"unknown-text": "unknown00196.txt", "true-author": "candidate00005"},
{"unknown-text": "unknown00197.txt", "true-author": "candidate00032"},
{"unknown-text": "unknown00198.txt", "true-author": "candidate00029"},
{"unknown-text": "unknown00199.txt", "true-author": "candidate00004"},
{"unknown-text": "unknown00200.txt", "true-author": "candidate00013"},
{"unknown-text": "unknown00201.txt", "true-author": "candidate00023"},
{"unknown-text": "unknown00202.txt", "true-author": "candidate00045"},
{"unknown-text": "unknown00203.txt", "true-author": "candidate00069"},
{"unknown-text": "unknown00204.txt", "true-author": "candidate00005"},
{"unknown-text": "unknown00205.txt", "true-author": "candidate00018"},
{"unknown-text": "unknown00206.txt", "true-author": "candidate00056"},
{"unknown-text": "unknown00207.txt", "true-author": "candidate00017"},
{"unknown-text": "unknown00208.txt", "true-author": "candidate00052"},
{"unknown-text": "unknown00209.txt", "true-author": "candidate00026"},
{"unknown-text": "unknown00210.txt", "true-author": "candidate00017"},
{"unknown-text": "unknown00211.txt", "true-author": "candidate00001"},
{"unknown-text": "unknown00212.txt", "true-author": "candidate00052"},
{"unknown-text": "unknown00213.txt", "true-author": "candidate00017"},
{"unknown-text": "unknown00214.txt", "true-author": "candidate00005"},
{"unknown-text": "unknown00215.txt", "true-author": "candidate00003"},
{"unknown-text": "unknown00216.txt", "true-author": "candidate00057"},
{"unknown-text": "unknown00217.txt", "true-author": "candidate00055"},
{"unknown-text": "unknown00218.txt", "true-author": "candidate00005"},
{"unknown-text": "unknown00219.txt", "true-author": "candidate00051"},
{"unknown-text": "unknown00220.txt", "true-author": "candidate00034"},
{"unknown-text": "unknown00221.txt", "true-author": "candidate00014"},
{"unknown-text": "unknown00222.txt", "true-author": "candidate00026"},
{"unknown-text": "unknown00223.txt", "true-author": "candidate00013"},
{"unknown-text": "unknown00224.txt", "true-author": "candidate00050"},
{"unknown-text": "unknown00225.txt", "true-author": "candidate00006"},
{"unknown-text": "unknown00226.txt", "true-author": "candidate00051"},
{"unknown-text": "unknown00227.txt", "true-author": "candidate00008"},
{"unknown-text": "unknown00228.txt", "true-author": "candidate00017"},
{"unknown-text": "unknown00229.txt", "true-author": "candidate00002"},
{"unknown-text": "unknown00230.txt", "true-author": "candidate00013"},
{"unknown-text": "unknown00231.txt", "true-author": "candidate00055"},
{"unknown-text": "unknown00232.txt", "true-author": "candidate00036"},
{"unknown-text": "unknown00233.txt", "true-author": "candidate00018"},
{"unknown-text": "unknown00234.txt", "true-author": "candidate00058"},
{"unknown-text": "unknown00235.txt", "true-author": "candidate00035"},
{"unknown-text": "unknown00236.txt", "true-author": "candidate00064"},
{"unknown-text": "unknown00237.txt", "true-author": "candidate00034"},
{"unknown-text": "unknown00238.txt", "true-author": "candidate00035"},
{"unknown-text": "unknown00239.txt", "true-author": "candidate00017"},
{"unknown-text": "unknown00240.txt", "true-author": "candidate00017"},
{"unknown-text": "unknown00241.txt", "true-author": "candidate00064"},
{"unknown-text": "unknown00242.txt", "true-author": "candidate00058"},
{"unknown-text": "unknown00243.txt", "true-author": "candidate00057"},
{"unknown-text": "unknown00244.txt", "true-author": "candidate00005"},
{"unknown-text": "unknown00245.txt", "true-author": "candidate00060"},
{"unknown-text": "unknown00246.txt", "true-author": "candidate00064"},
{"unknown-text": "unknown00247.txt", "true-author": "candidate00012"},
{"unknown-text": "unknown00248.txt", "true-author": "candidate00006"},
{"unknown-text": "unknown00249.txt", "true-author": "candidate00005"},
{"unknown-text": "unknown00250.txt", "true-author": "candidate00058"},
{"unknown-text": "unknown00251.txt", "true-author": "candidate00036"},
{"unknown-text": "unknown00252.txt", "true-author": "candidate00050"},
{"unknown-text": "unknown00253.txt", "true-author": "candidate00010"},
{"unknown-text": "unknown00254.txt", "true-author": "candidate00003"},
{"unknown-text": "unknown00255.txt", "true-author": "candidate00049"},
{"unknown-text": "unknown00256.txt", "true-author": "candidate00020"},
{"unknown-text": "unknown00257.txt", "true-author": "candidate00006"},
{"unknown-text": "unknown00258.txt", "true-author": "candidate00032"},
{"unknown-text": "unknown00259.txt", "true-author": "candidate00068"},
{"unknown-text": "unknown00260.txt", "true-author": "candidate00029"},
{"unknown-text": "unknown00261.txt", "true-author": "candidate00017"},
{"unknown-text": "unknown00262.txt", "true-author": "candidate00017"},
{"unknown-text": "unknown00263.txt", "true-author": "candidate00018"},
{"unknown-text": "unknown00264.txt", "true-author": "candidate00023"},
{"unknown-text": "unknown00265.txt", "true-author": "candidate00032"},
{"unknown-text": "unknown00266.txt", "true-author": "candidate00064"},
{"unknown-text": "unknown00267.txt", "true-author": "candidate00008"},
{"unknown-text": "unknown00268.txt", "true-author": "candidate00071"},
{"unknown-text": "unknown00269.txt", "true-author": "candidate00050"},
{"unknown-text": "unknown00270.txt", "true-author": "candidate00004"},
{"unknown-text": "unknown00271.txt", "true-author": "candidate00040"},
{"unknown-text": "unknown00272.txt", "true-author": "candidate00023"},
{"unknown-text": "unknown00273.txt", "true-author": "candidate00012"},
{"unknown-text": "unknown00274.txt", "true-author": "candidate00014"},
{"unknown-text": "unknown00275.txt", "true-author": "candidate00026"},
{"unknown-text": "unknown00276.txt", "true-author": "candidate00032"},
{"unknown-text": "unknown00277.txt", "true-author": "candidate00044"},
{"unknown-text": "unknown00278.txt", "true-author": "candidate00034"},
{"unknown-text": "unknown00279.txt", "true-author": "candidate00044"},
{"unknown-text": "unknown00280.txt", "true-author": "candidate00072"},
{"unknown-text": "unknown00281.txt", "true-author": "candidate00008"},
{"unknown-text": "unknown00282.txt", "true-author": "candidate00033"},
{"unknown-text": "unknown00283.txt", "true-author": "candidate00022"},
{"unknown-text": "unknown00284.txt", "true-author": "candidate00036"},
{"unknown-text": "unknown00285.txt", "true-author": "candidate00031"},
{"unknown-text": "unknown00286.txt", "true-author": "candidate00064"},
{"unknown-text": "unknown00287.txt", "true-author": "candidate00050"},
{"unknown-text": "unknown00288.txt", "true-author": "candidate00055"},
{"unknown-text": "unknown00289.txt", "true-author": "candidate00036"},
{"unknown-text": "unknown00290.txt", "true-author": "candidate00024"},
{"unknown-text": "unknown00291.txt", "true-author": "candidate00050"},
{"unknown-text": "unknown00292.txt", "true-author": "candidate00062"},
{"unknown-text": "unknown00293.txt", "true-author": "candidate00060"},
{"unknown-text": "unknown00294.txt", "true-author": "candidate00023"},
{"unknown-text": "unknown00295.txt", "true-author": "candidate00010"},
{"unknown-text": "unknown00296.txt", "true-author": "candidate00058"},
{"unknown-text": "unknown00297.txt", "true-author": "candidate00003"},
{"unknown-text": "unknown00298.txt", "true-author": "candidate00018"},
{"unknown-text": "unknown00299.txt", "true-author": "candidate00058"},
{"unknown-text": "unknown00300.txt", "true-author": "candidate00063"},
{"unknown-text": "unknown00301.txt", "true-author": "candidate00008"},
{"unknown-text": "unknown00302.txt", "true-author": "candidate00017"},
{"unknown-text": "unknown00303.txt", "true-author": "candidate00008"},
{"unknown-text": "unknown00304.txt", "true-author": "candidate00059"},
{"unknown-text": "unknown00305.txt", "true-author": "candidate00029"},
{"unknown-text": "unknown00306.txt", "true-author": "candidate00058"},
{"unknown-text": "unknown00307.txt", "true-author": "candidate00045"},
{"unknown-text": "unknown00308.txt", "true-author": "candidate00005"},
{"unknown-text": "unknown00309.txt", "true-author": "candidate00066"},
{"unknown-text": "unknown00310.txt", "true-author": "candidate00008"},
{"unknown-text": "unknown00311.txt", "true-author": "candidate00069"},
{"unknown-text": "unknown00312.txt", "true-author": "candidate00011"},
{"unknown-text": "unknown00313.txt", "true-author": "candidate00006"},
{"unknown-text": "unknown00314.txt", "true-author": "candidate00044"},
{"unknown-text": "unknown00315.txt", "true-author": "candidate00023"},
{"unknown-text": "unknown00316.txt", "true-author": "candidate00064"},
{"unknown-text": "unknown00317.txt", "true-author": "candidate00011"},
{"unknown-text": "unknown00318.txt", "true-author": "candidate00045"},
{"unknown-text": "unknown00319.txt", "true-author": "candidate00005"},
{"unknown-text": "unknown00320.txt", "true-author": "candidate00012"},
{"unknown-text": "unknown00321.txt", "true-author": "candidate00005"},
{"unknown-text": "unknown00322.txt", "true-author": "candidate00054"},
{"unknown-text": "unknown00323.txt", "true-author": "candidate00017"},
{"unknown-text": "unknown00324.txt", "true-author": "candidate00066"},
{"unknown-text": "unknown00325.txt", "true-author": "candidate00005"},
{"unknown-text": "unknown00326.txt", "true-author": "candidate00037"},
{"unknown-text": "unknown00327.txt", "true-author": "candidate00023"},
{"unknown-text": "unknown00328.txt", "true-author": "candidate00018"},
{"unknown-text": "unknown00329.txt", "true-author": "candidate00004"},
{"unknown-text": "unknown00330.txt", "true-author": "candidate00060"},
{"unknown-text": "unknown00331.txt", "true-author": "candidate00029"},
{"unknown-text": "unknown00332.txt", "true-author": "candidate00059"},
{"unknown-text": "unknown00333.txt", "true-author": "candidate00050"},
{"unknown-text": "unknown00334.txt", "true-author": "candidate00004"},
{"unknown-text": "unknown00335.txt", "true-author": "candidate00017"},
{"unknown-text": "unknown00336.txt", "true-author": "candidate00004"},
{"unknown-text": "unknown00337.txt", "true-author": "candidate00017"},
{"unknown-text": "unknown00338.txt", "true-author": "candidate00003"},
{"unknown-text": "unknown00339.txt", "true-author": "candidate00057"},
{"unknown-text": "unknown00340.txt", "true-author": "candidate00023"},
{"unknown-text": "unknown00341.txt", "true-author": "candidate00004"},
{"unknown-text": "unknown00342.txt", "true-author": "candidate00058"},
{"unknown-text": "unknown00343.txt", "true-author": "candidate00051"},
{"unknown-text": "unknown00344.txt", "true-author": "candidate00069"},
{"unknown-text": "unknown00345.txt", "true-author": "candidate00010"},
{"unknown-text": "unknown00346.txt", "true-author": "candidate00005"},
{"unknown-text": "unknown00347.txt", "true-author": "candidate00017"},
{"unknown-text": "unknown00348.txt", "true-author": "candidate00012"},
{"unknown-text": "unknown00349.txt", "true-author": "candidate00023"},
{"unknown-text": "unknown00350.txt", "true-author": "candidate00010"},
{"unknown-text": "unknown00351.txt", "true-author": "candidate00010"},
{"unknown-text": "unknown00352.txt", "true-author": "candidate00005"},
{"unknown-text": "unknown00353.txt", "true-author": "candidate00005"},
{"unknown-text": "unknown00354.txt", "true-author": "candidate00023"},
{"unknown-text": "unknown00355.txt", "true-author": "candidate00017"},
{"unknown-text": "unknown00356.txt", "true-author": "candidate00058"},
{"unknown-text": "unknown00357.txt", "true-author": "candidate00049"},
{"unknown-text": "unknown00358.txt", "true-author": "candidate00017"},
{"unknown-text": "unknown00359.txt", "true-author": "candidate00069"},
{"unknown-text": "unknown00360.txt", "true-author": "candidate00063"},
{"unknown-text": "unknown00361.txt", "true-author": "candidate00020"},
{"unknown-text": "unknown00362.txt", "true-author": "candidate00071"},
{"unknown-text": "unknown00363.txt", "true-author": "candidate00015"},
{"unknown-text": "unknown00364.txt", "true-author": "candidate00023"},
{"unknown-text": "unknown00365.txt", "true-author": "candidate00033"},
{"unknown-text": "unknown00366.txt", "true-author": "candidate00049"},
{"unknown-text": "unknown00367.txt", "true-author": "candidate00059"},
{"unknown-text": "unknown00368.txt", "true-author": "candidate00003"},
{"unknown-text": "unknown00369.txt", "true-author": "candidate00002"},
{"unknown-text": "unknown00370.txt", "true-author": "candidate00001"},
{"unknown-text": "unknown00371.txt", "true-author": "candidate00017"},
{"unknown-text": "unknown00372.txt", "true-author": "candidate00066"},
{"unknown-text": "unknown00373.txt", "true-author": "candidate00067"},
{"unknown-text": "unknown00374.txt", "true-author": "candidate00032"},
{"unknown-text": "unknown00375.txt", "true-author": "candidate00005"},
{"unknown-text": "unknown00376.txt", "true-author": "candidate00071"},
{"unknown-text": "unknown00377.txt", "true-author": "candidate00071"},
{"unknown-text": "unknown00378.txt", "true-author": "candidate00020"},
{"unknown-text": "unknown00379.txt", "true-author": "candidate00035"},
{"unknown-text": "unknown00380.txt", "true-author": "candidate00043"},
{"unknown-text": "unknown00381.txt", "true-author": "candidate00017"},
{"unknown-text": "unknown00382.txt", "true-author": "candidate00054"},
{"unknown-text": "unknown00383.txt", "true-author": "candidate00017"},
{"unknown-text": "unknown00384.txt", "true-author": "candidate00047"},
{"unknown-text": "unknown00385.txt", "true-author": "candidate00014"},
{"unknown-text": "unknown00386.txt", "true-author": "candidate00043"},
{"unknown-text": "unknown00387.txt", "true-author": "candidate00045"},
{"unknown-text": "unknown00388.txt", "true-author": "candidate00053"},
{"unknown-text": "unknown00389.txt", "true-author": "candidate00060"},
{"unknown-text": "unknown00390.txt", "true-author": "candidate00035"},
{"unknown-text": "unknown00391.txt", "true-author": "candidate00006"},
{"unknown-text": "unknown00392.txt", "true-author": "candidate00010"},
{"unknown-text": "unknown00393.txt", "true-author": "candidate00041"},
{"unknown-text": "unknown00394.txt", "true-author": "candidate00041"},
{"unknown-text": "unknown00395.txt", "true-author": "candidate00053"},
{"unknown-text": "unknown00396.txt", "true-author": "candidate00036"},
{"unknown-text": "unknown00397.txt", "true-author": "candidate00071"},
{"unknown-text": "unknown00398.txt", "true-author": "candidate00008"},
{"unknown-text": "unknown00399.txt", "true-author": "candidate00035"},
{"unknown-text": "unknown00400.txt", "true-author": "candidate00017"},
{"unknown-text": "unknown00401.txt", "true-author": "candidate00071"},
{"unknown-text": "unknown00402.txt", "true-author": "candidate00006"},
{"unknown-text": "unknown00403.txt", "true-author": "candidate00040"},
{"unknown-text": "unknown00404.txt", "true-author": "candidate00071"},
{"unknown-text": "unknown00405.txt", "true-author": "candidate00062"},
{"unknown-text": "unknown00406.txt", "true-author": "candidate00008"},
{"unknown-text": "unknown00407.txt", "true-author": "candidate00005"},
{"unknown-text": "unknown00408.txt", "true-author": "candidate00064"},
{"unknown-text": "unknown00409.txt", "true-author": "candidate00017"},
{"unknown-text": "unknown00410.txt", "true-author": "candidate00051"},
{"unknown-text": "unknown00411.txt", "true-author": "candidate00049"},
{"unknown-text": "unknown00412.txt", "true-author": "candidate00050"},
{"unknown-text": "unknown00413.txt", "true-author": "candidate00002"},
{"unknown-text": "unknown00414.txt", "true-author": "candidate00058"},
{"unknown-text": "unknown00415.txt", "true-author": "candidate00050"},
{"unknown-text": "unknown00416.txt", "true-author": "candidate00054"},
{"unknown-text": "unknown00417.txt", "true-author": "candidate00023"},
{"unknown-text": "unknown00418.txt", "true-author": "candidate00028"},
{"unknown-text": "unknown00419.txt", "true-author": "candidate00010"},
{"unknown-text": "unknown00420.txt", "true-author": "candidate00017"},
{"unknown-text": "unknown00421.txt", "true-author": "candidate00065"},
{"unknown-text": "unknown00422.txt", "true-author": "candidate00018"},
{"unknown-text": "unknown00423.txt", "true-author": "candidate00017"},
{"unknown-text": "unknown00424.txt", "true-author": "candidate00057"},
{"unknown-text": "unknown00425.txt", "true-author": "candidate00024"},
{"unknown-text": "unknown00426.txt", "true-author": "candidate00066"},
{"unknown-text": "unknown00427.txt", "true-author": "candidate00044"},
{"unknown-text": "unknown00428.txt", "true-author": "candidate00065"},
{"unknown-text": "unknown00429.txt", "true-author": "candidate00035"},
{"unknown-text": "unknown00430.txt", "true-author": "candidate00023"},
{"unknown-text": "unknown00431.txt", "true-author": "candidate00069"},
{"unknown-text": "unknown00432.txt", "true-author": "candidate00040"},
{"unknown-text": "unknown00433.txt", "true-author": "candidate00035"},
{"unknown-text": "unknown00434.txt", "true-author": "candidate00012"},
{"unknown-text": "unknown00435.txt", "true-author": "candidate00053"},
{"unknown-text": "unknown00436.txt", "true-author": "candidate00012"},
{"unknown-text": "unknown00437.txt", "true-author": "candidate00036"},
{"unknown-text": "unknown00438.txt", "true-author": "candidate00060"},
{"unknown-text": "unknown00439.txt", "true-author": "candidate00005"},
{"unknown-text": "unknown00440.txt", "true-author": "candidate00043"},
{"unknown-text": "unknown00441.txt", "true-author": "candidate00005"},
{"unknown-text": "unknown00442.txt", "true-author": "candidate00043"},
{"unknown-text": "unknown00443.txt", "true-author": "candidate00064"},
{"unknown-text": "unknown00444.txt", "true-author": "candidate00015"},
{"unknown-text": "unknown00445.txt", "true-author": "candidate00003"},
{"unknown-text": "unknown00446.txt", "true-author": "candidate00018"},
{"unknown-text": "unknown00447.txt", "true-author": "candidate00071"},
{"unknown-text": "unknown00448.txt", "true-author": "candidate00065"},
{"unknown-text": "unknown00449.txt", "true-author": "candidate00017"},
{"unknown-text": "unknown00450.txt", "true-author": "candidate00018"},
{"unknown-text": "unknown00451.txt", "true-author": "candidate00061"},
{"unknown-text": "unknown00452.txt", "true-author": "candidate00059"},
{"unknown-text": "unknown00453.txt", "true-author": "candidate00023"},
{"unknown-text": "unknown00454.txt", "true-author": "candidate00035"},
{"unknown-text": "unknown00455.txt", "true-author": "candidate00069"},
{"unknown-text": "unknown00456.txt", "true-author": "candidate00066"},
{"unknown-text": "unknown00457.txt", "true-author": "candidate00004"},
{"unknown-text": "unknown00458.txt", "true-author": "candidate00023"},
{"unknown-text": "unknown00459.txt", "true-author": "candidate00007"},
{"unknown-text": "unknown00460.txt", "true-author": "candidate00052"},
{"unknown-text": "unknown00461.txt", "true-author": "candidate00005"},
{"unknown-text": "unknown00462.txt", "true-author": "candidate00004"},
{"unknown-text": "unknown00463.txt", "true-author": "candidate00068"},
{"unknown-text": "unknown00464.txt", "true-author": "candidate00006"},
{"unknown-text": "unknown00465.txt", "true-author": "candidate00060"},
{"unknown-text": "unknown00466.txt", "true-author": "candidate00061"},
{"unknown-text": "unknown00467.txt", "true-author": "candidate00058"},
{"unknown-text": "unknown00468.txt", "true-author": "candidate00066"},
{"unknown-text": "unknown00469.txt", "true-author": "candidate00023"},
{"unknown-text": "unknown00470.txt", "true-author": "candidate00053"},
{"unknown-text": "unknown00471.txt", "true-author": "candidate00035"},
{"unknown-text": "unknown00472.txt", "true-author": "candidate00066"},
{"unknown-text": "unknown00473.txt", "true-author": "candidate00068"},
{"unknown-text": "unknown00474.txt", "true-author": "candidate00032"},
{"unknown-text": "unknown00475.txt", "true-author": "candidate00071"},
{"unknown-text": "unknown00476.txt", "true-author": "candidate00023"},
{"unknown-text": "unknown00477.txt", "true-author": "candidate00067"},
{"unknown-text": "unknown00478.txt", "true-author": "candidate00044"},
{"unknown-text": "unknown00479.txt", "true-author": "candidate00012"},
{"unknown-text": "unknown00480.txt", "true-author": "candidate00044"},
{"unknown-text": "unknown00481.txt", "true-author": "candidate00006"},
{"unknown-text": "unknown00482.txt", "true-author": "candidate00017"},
{"unknown-text": "unknown00483.txt", "true-author": "candidate00044"},
{"unknown-text": "unknown00484.txt", "true-author": "candidate00005"},
{"unknown-text": "unknown00485.txt", "true-author": "candidate00058"},
{"unknown-text": "unknown00486.txt", "true-author": "candidate00072"},
{"unknown-text": "unknown00487.txt", "true-author": "candidate00014"},
{"unknown-text": "unknown00488.txt", "true-author": "candidate00072"},
{"unknown-text": "unknown00489.txt", "true-author": "candidate00058"},
{"unknown-text": "unknown00490.txt", "true-author": "candidate00017"},
{"unknown-text": "unknown00491.txt", "true-author": "candidate00024"},
{"unknown-text": "unknown00492.txt", "true-author": "candidate00063"},
{"unknown-text": "unknown00493.txt", "true-author": "candidate00007"},
{"unknown-text": "unknown00494.txt", "true-author": "candidate00005"},
{"unknown-text": "unknown00495.txt", "true-author": "candidate00052"},
{"unknown-text": "unknown00496.txt", "true-author": "candidate00003"},
{"unknown-text": "unknown00497.txt", "true-author": "candidate00059"},
{"unknown-text": "unknown00498.txt", "true-author": "candidate00059"},
{"unknown-text": "unknown00499.txt", "true-author": "candidate00017"},
{"unknown-text": "unknown00500.txt", "true-author": "candidate00018"},
{"unknown-text": "unknown00501.txt", "true-author": "candidate00058"},
{"unknown-text": "unknown00502.txt", "true-author": "candidate00044"},
{"unknown-text": "unknown00503.txt", "true-author": "candidate00005"},
{"unknown-text": "unknown00504.txt", "true-author": "candidate00064"},
{"unknown-text": "unknown00505.txt", "true-author": "candidate00058"},
{"unknown-text": "unknown00506.txt", "true-author": "candidate00064"},
{"unknown-text": "unknown00507.txt", "true-author": "candidate00013"},
{"unknown-text": "unknown00508.txt", "true-author": "candidate00023"},
{"unknown-text": "unknown00509.txt", "true-author": "candidate00002"},
{"unknown-text": "unknown00510.txt", "true-author": "candidate00023"},
{"unknown-text": "unknown00511.txt", "true-author": "candidate00023"},
{"unknown-text": "unknown00512.txt", "true-author": "candidate00012"},
{"unknown-text": "unknown00513.txt", "true-author": "candidate00049"},
{"unknown-text": "unknown00514.txt", "true-author": "candidate00043"},
{"unknown-text": "unknown00515.txt", "true-author": "candidate00023"},
{"unknown-text": "unknown00516.txt", "true-author": "candidate00051"},
{"unknown-text": "unknown00517.txt", "true-author": "candidate00065"},
{"unknown-text": "unknown00518.txt", "true-author": "candidate00035"},
{"unknown-text": "unknown00519.txt", "true-author": "candidate00057"},
{"unknown-text": "unknown00520.txt", "true-author": "candidate00071"},
{"unknown-text": "unknown00521.txt", "true-author": "candidate00014"},
{"unknown-text": "unknown00522.txt", "true-author": "candidate00005"},
{"unknown-text": "unknown00523.txt", "true-author": "candidate00005"},
{"unknown-text": "unknown00524.txt", "true-author": "candidate00052"},
{"unknown-text": "unknown00525.txt", "true-author": "candidate00052"},
{"unknown-text": "unknown00526.txt", "true-author": "candidate00069"},
{"unknown-text": "unknown00527.txt", "true-author": "candidate00005"},
{"unknown-text": "unknown00528.txt", "true-author": "candidate00023"},
{"unknown-text": "unknown00529.txt", "true-author": "candidate00047"},
{"unknown-text": "unknown00530.txt", "true-author": "candidate00026"},
{"unknown-text": "unknown00531.txt", "true-author": "candidate00017"},
{"unknown-text": "unknown00532.txt", "true-author": "candidate00010"},
{"unknown-text": "unknown00533.txt", "true-author": "candidate00060"},
{"unknown-text": "unknown00534.txt", "true-author": "candidate00061"},
{"unknown-text": "unknown00535.txt", "true-author": "candidate00062"},
{"unknown-text": "unknown00536.txt", "true-author": "candidate00066"},
{"unknown-text": "unknown00537.txt", "true-author": "candidate00035"},
{"unknown-text": "unknown00538.txt", "true-author": "candidate00057"},
{"unknown-text": "unknown00539.txt", "true-author": "candidate00023"},
{"unknown-text": "unknown00540.txt", "true-author": "candidate00014"},
{"unknown-text": "unknown00541.txt", "true-author": "candidate00033"},
{"unknown-text": "unknown00542.txt", "true-author": "candidate00005"},
{"unknown-text": "unknown00543.txt", "true-author": "candidate00017"},
{"unknown-text": "unknown00544.txt", "true-author": "candidate00058"},
{"unknown-text": "unknown00545.txt", "true-author": "candidate00058"},
{"unknown-text": "unknown00546.txt", "true-author": "candidate00002"},
{"unknown-text": "unknown00547.txt", "true-author": "candidate00053"},
{"unknown-text": "unknown00548.txt", "true-author": "candidate00015"},
{"unknown-text": "unknown00549.txt", "true-author": "candidate00017"},
{"unknown-text": "unknown00550.txt", "true-author": "candidate00050"},
{"unknown-text": "unknown00551.txt", "true-author": "candidate00017"},
{"unknown-text": "unknown00552.txt", "true-author": "candidate00010"},
{"unknown-text": "unknown00553.txt", "true-author": "candidate00023"},
{"unknown-text": "unknown00554.txt", "true-author": "candidate00054"},
{"unknown-text": "unknown00555.txt", "true-author": "candidate00018"},
{"unknown-text": "unknown00556.txt", "true-author": "candidate00017"},
{"unknown-text": "unknown00557.txt", "true-author": "candidate00020"},
{"unknown-text": "unknown00558.txt", "true-author": "candidate00017"},
{"unknown-text": "unknown00559.txt", "true-author": "candidate00054"},
{"unknown-text": "unknown00560.txt", "true-author": "candidate00049"},
{"unknown-text": "unknown00561.txt", "true-author": "candidate00023"},
{"unknown-text": "unknown00562.txt", "true-author": "candidate00008"},
{"unknown-text": "unknown00563.txt", "true-author": "candidate00005"},
{"unknown-text": "unknown00564.txt", "true-author": "candidate00014"},
{"unknown-text": "unknown00565.txt", "true-author": "candidate00064"},
{"unknown-text": "unknown00566.txt", "true-author": "candidate00013"},
{"unknown-text": "unknown00567.txt", "true-author": "candidate00048"},
{"unknown-text": "unknown00568.txt", "true-author": "candidate00049"},
{"unknown-text": "unknown00569.txt", "true-author": "candidate00071"},
{"unknown-text": "unknown00570.txt", "true-author": "candidate00008"},
{"unknown-text": "unknown00571.txt", "true-author": "candidate00006"},
{"unknown-text": "unknown00572.txt", "true-author": "candidate00026"},
{"unknown-text": "unknown00573.txt", "true-author": "candidate00002"},
{"unknown-text": "unknown00574.txt", "true-author": "candidate00010"},
{"unknown-text": "unknown00575.txt", "true-author": "candidate00058"},
{"unknown-text": "unknown00576.txt", "true-author": "candidate00017"},
{"unknown-text": "unknown00577.txt", "true-author": "candidate00037"},
{"unknown-text": "unknown00578.txt", "true-author": "candidate00023"},
{"unknown-text": "unknown00579.txt", "true-author": "candidate00023"},
{"unknown-text": "unknown00580.txt", "true-author": "candidate00005"},
{"unknown-text": "unknown00581.txt", "true-author": "candidate00058"},
{"unknown-text": "unknown00582.txt", "true-author": "candidate00033"},
{"unknown-text": "unknown00583.txt", "true-author": "candidate00003"},
{"unknown-text": "unknown00584.txt", "true-author": "candidate00035"},
{"unknown-text": "unknown00585.txt", "true-author": "candidate00072"},
{"unknown-text": "unknown00586.txt", "true-author": "candidate00006"},
{"unknown-text": "unknown00587.txt", "true-author": "candidate00023"},
{"unknown-text": "unknown00588.txt", "true-author": "candidate00068"},
{"unknown-text": "unknown00589.txt", "true-author": "candidate00023"},
{"unknown-text": "unknown00590.txt", "true-author": "candidate00005"},
{"unknown-text": "unknown00591.txt", "true-author": "candidate00006"},
{"unknown-text": "unknown00592.txt", "true-author": "candidate00066"},
{"unknown-text": "unknown00593.txt", "true-author": "candidate00059"},
{"unknown-text": "unknown00594.txt", "true-author": "candidate00049"},
{"unknown-text": "unknown00595.txt", "true-author": "candidate00053"},
{"unknown-text": "unknown00596.txt", "true-author": "candidate00013"},
{"unknown-text": "unknown00597.txt", "true-author": "candidate00062"},
{"unknown-text": "unknown00598.txt", "true-author": "candidate00040"},
{"unknown-text": "unknown00599.txt", "true-author": "candidate00017"},
{"unknown-text": "unknown00600.txt", "true-author": "candidate00054"},
{"unknown-text": "unknown00601.txt", "true-author": "candidate00023"},
{"unknown-text": "unknown00602.txt", "true-author": "candidate00011"},
{"unknown-text": "unknown00603.txt", "true-author": "candidate00017"},
{"unknown-text": "unknown00604.txt", "true-author": "candidate00018"},
{"unknown-text": "unknown00605.txt", "true-author": "candidate00018"},
{"unknown-text": "unknown00606.txt", "true-author": "candidate00055"},
{"unknown-text": "unknown00607.txt", "true-author": "candidate00035"},
{"unknown-text": "unknown00608.txt", "true-author": "candidate00035"},
{"unknown-text": "unknown00609.txt", "true-author": "candidate00036"},
{"unknown-text": "unknown00610.txt", "true-author": "candidate00005"},
{"unknown-text": "unknown00611.txt", "true-author": "candidate00071"},
{"unknown-text": "unknown00612.txt", "true-author": "candidate00008"},
{"unknown-text": "unknown00613.txt", "true-author": "candidate00017"},
{"unknown-text": "unknown00614.txt", "true-author": "candidate00013"},
{"unknown-text": "unknown00615.txt", "true-author": "candidate00018"},
{"unknown-text": "unknown00616.txt", "true-author": "candidate00004"},
{"unknown-text": "unknown00617.txt", "true-author": "candidate00018"},
{"unknown-text": "unknown00618.txt", "true-author": "candidate00071"},
{"unknown-text": "unknown00619.txt", "true-author": "candidate00063"},
{"unknown-text": "unknown00620.txt", "true-author": "candidate00023"},
{"unknown-text": "unknown00621.txt", "true-author": "candidate00029"},
{"unknown-text": "unknown00622.txt", "true-author": "candidate00012"},
{"unknown-text": "unknown00623.txt", "true-author": "candidate00017"},
{"unknown-text": "unknown00624.txt", "true-author": "candidate00029"},
{"unknown-text": "unknown00625.txt", "true-author": "candidate00045"},
{"unknown-text": "unknown00626.txt", "true-author": "candidate00023"},
{"unknown-text": "unknown00627.txt", "true-author": "candidate00044"},
{"unknown-text": "unknown00628.txt", "true-author": "candidate00002"},
{"unknown-text": "unknown00629.txt", "true-author": "candidate00064"},
{"unknown-text": "unknown00630.txt", "true-author": "candidate00006"},
{"unknown-text": "unknown00631.txt", "true-author": "candidate00049"},
{"unknown-text": "unknown00632.txt", "true-author": "candidate00010"},
{"unknown-text": "unknown00633.txt", "true-author": "candidate00011"},
{"unknown-text": "unknown00634.txt", "true-author": "candidate00005"},
{"unknown-text": "unknown00635.txt", "true-author": "candidate00032"},
{"unknown-text": "unknown00636.txt", "true-author": "candidate00067"},
{"unknown-text": "unknown00637.txt", "true-author": "candidate00014"},
{"unknown-text": "unknown00638.txt", "true-author": "candidate00064"},
{"unknown-text": "unknown00639.txt", "true-author": "candidate00003"},
{"unknown-text": "unknown00640.txt", "true-author": "candidate00013"},
{"unknown-text": "unknown00641.txt", "true-author": "candidate00033"},
{"unknown-text": "unknown00642.txt", "true-author": "candidate00005"},
{"unknown-text": "unknown00643.txt", "true-author": "candidate00066"},
{"unknown-text": "unknown00644.txt", "true-author": "candidate00012"},
{"unknown-text": "unknown00645.txt", "true-author": "candidate00029"},
{"unknown-text": "unknown00646.txt", "true-author": "candidate00029"},
{"unknown-text": "unknown00647.txt", "true-author": "candidate00029"},
{"unknown-text": "unknown00648.txt", "true-author": "candidate00003"},
{"unknown-text": "unknown00649.txt", "true-author": "candidate00032"},
{"unknown-text": "unknown00650.txt", "true-author": "candidate00012"},
{"unknown-text": "unknown00651.txt", "true-author": "candidate00013"},
{"unknown-text": "unknown00652.txt", "true-author": "candidate00064"},
{"unknown-text": "unknown00653.txt", "true-author": "candidate00067"},
{"unknown-text": "unknown00654.txt", "true-author": "candidate00071"},
{"unknown-text": "unknown00655.txt", "true-author": "candidate00042"},
{"unknown-text": "unknown00656.txt", "true-author": "candidate00058"},
{"unknown-text": "unknown00657.txt", "true-author": "candidate00003"},
{"unknown-text": "unknown00658.txt", "true-author": "candidate00010"},
{"unknown-text": "unknown00659.txt", "true-author": "candidate00006"},
{"unknown-text": "unknown00660.txt", "true-author": "candidate00064"},
{"unknown-text": "unknown00661.txt", "true-author": "candidate00006"},
{"unknown-text": "unknown00662.txt", "true-author": "candidate00061"},
{"unknown-text": "unknown00663.txt", "true-author": "candidate00005"},
{"unknown-text": "unknown00664.txt", "true-author": "candidate00034"},
{"unknown-text": "unknown00665.txt", "true-author": "candidate00026"},
{"unknown-text": "unknown00666.txt", "true-author": "candidate00055"},
{"unknown-text": "unknown00667.txt", "true-author": "candidate00017"},
{"unknown-text": "unknown00668.txt", "true-author": "candidate00013"},
{"unknown-text": "unknown00669.txt", "true-author": "candidate00023"},
{"unknown-text": "unknown00670.txt", "true-author": "candidate00011"},
{"unknown-text": "unknown00671.txt", "true-author": "candidate00072"},
{"unknown-text": "unknown00672.txt", "true-author": "candidate00013"},
{"unknown-text": "unknown00673.txt", "true-author": "candidate00036"},
{"unknown-text": "unknown00674.txt", "true-author": "candidate00023"},
{"unknown-text": "unknown00675.txt", "true-author": "candidate00057"},
{"unknown-text": "unknown00676.txt", "true-author": "candidate00023"},
{"unknown-text": "unknown00677.txt", "true-author": "candidate00043"},
{"unknown-text": "unknown00678.txt", "true-author": "candidate00014"},
{"unknown-text": "unknown00679.txt", "true-author": "candidate00017"},
{"unknown-text": "unknown00680.txt", "true-author": "candidate00029"},
{"unknown-text": "unknown00681.txt", "true-author": "candidate00061"},
{"unknown-text": "unknown00682.txt", "true-author": "candidate00005"},
{"unknown-text": "unknown00683.txt", "true-author": "candidate00059"},
{"unknown-text": "unknown00684.txt", "true-author": "candidate00023"},
{"unknown-text": "unknown00685.txt", "true-author": "candidate00053"},
{"unknown-text": "unknown00686.txt", "true-author": "candidate00005"},
{"unknown-text": "unknown00687.txt", "true-author": "candidate00017"},
{"unknown-text": "unknown00688.txt", "true-author": "candidate00045"},
{"unknown-text": "unknown00689.txt", "true-author": "candidate00050"},
{"unknown-text": "unknown00690.txt", "true-author": "candidate00017"},
{"unknown-text": "unknown00691.txt", "true-author": "candidate00007"},
{"unknown-text": "unknown00692.txt", "true-author": "candidate00043"},
{"unknown-text": "unknown00693.txt", "true-author": "candidate00028"},
{"unknown-text": "unknown00694.txt", "true-author": "candidate00060"},
{"unknown-text": "unknown00695.txt", "true-author": "candidate00060"},
{"unknown-text": "unknown00696.txt", "true-author": "candidate00032"},
{"unknown-text": "unknown00697.txt", "true-author": "candidate00005"},
{"unknown-text": "unknown00698.txt", "true-author": "candidate00032"},
{"unknown-text": "unknown00699.txt", "true-author": "candidate00017"},
{"unknown-text": "unknown00700.txt", "true-author": "candidate00035"},
{"unknown-text": "unknown00701.txt", "true-author": "candidate00023"},
{"unknown-text": "unknown00702.txt", "true-author": "candidate00057"},
{"unknown-text": "unknown00703.txt", "true-author": "candidate00071"},
{"unknown-text": "unknown00704.txt", "true-author": "candidate00023"},
{"unknown-text": "unknown00705.txt", "true-author": "candidate00023"},
{"unknown-text": "unknown00706.txt", "true-author": "candidate00071"},
{"unknown-text": "unknown00707.txt", "true-author": "candidate00057"},
{"unknown-text": "unknown00708.txt", "true-author": "candidate00020"},
{"unknown-text": "unknown00709.txt", "true-author": "candidate00011"},
{"unknown-text": "unknown00710.txt", "true-author": "candidate00001"},
{"unknown-text": "unknown00711.txt", "true-author": "candidate00006"},
{"unknown-text": "unknown00712.txt", "true-author": "candidate00004"},
{"unknown-text": "unknown00713.txt", "true-author": "candidate00015"},
{"unknown-text": "unknown00714.txt", "true-author": "candidate00072"},
{"unknown-text": "unknown00715.txt", "true-author": "candidate00065"},
{"unknown-text": "unknown00716.txt", "true-author": "candidate00043"},
{"unknown-text": "unknown00717.txt", "true-author": "candidate00004"},
{"unknown-text": "unknown00718.txt", "true-author": "candidate00005"},
{"unknown-text": "unknown00719.txt", "true-author": "candidate00007"},
{"unknown-text": "unknown00720.txt", "true-author": "candidate00045"},
{"unknown-text": "unknown00721.txt", "true-author": "candidate00061"},
{"unknown-text": "unknown00722.txt", "true-author": "candidate00065"},
{"unknown-text": "unknown00723.txt", "true-author": "candidate00031"},
{"unknown-text": "unknown00724.txt", "true-author": "candidate00050"},
{"unknown-text": "unknown00725.txt", "true-author": "candidate00043"},
{"unknown-text": "unknown00726.txt", "true-author": "candidate00064"},
{"unknown-text": "unknown00727.txt", "true-author": "candidate00051"},
{"unknown-text": "unknown00728.txt", "true-author": "candidate00053"},
{"unknown-text": "unknown00729.txt", "true-author": "candidate00035"},
{"unknown-text": "unknown00730.txt", "true-author": "candidate00071"},
{"unknown-text": "unknown00731.txt", "true-author": "candidate00029"},
{"unknown-text": "unknown00732.txt", "true-author": "candidate00071"},
{"unknown-text": "unknown00733.txt", "true-author": "candidate00017"},
{"unknown-text": "unknown00734.txt", "true-author": "candidate00036"},
{"unknown-text": "unknown00735.txt", "true-author": "candidate00033"},
{"unknown-text": "unknown00736.txt", "true-author": "candidate00005"},
{"unknown-text": "unknown00737.txt", "true-author": "candidate00005"},
{"unknown-text": "unknown00738.txt", "true-author": "candidate00058"},
{"unknown-text": "unknown00739.txt", "true-author": "candidate00034"},
{"unknown-text": "unknown00740.txt", "true-author": "candidate00029"},
{"unknown-text": "unknown00741.txt", "true-author": "candidate00005"},
{"unknown-text": "unknown00742.txt", "true-author": "candidate00059"},
{"unknown-text": "unknown00743.txt", "true-author": "candidate00020"},
{"unknown-text": "unknown00744.txt", "true-author": "candidate00012"},
{"unknown-text": "unknown00745.txt", "true-author": "candidate00072"},
{"unknown-text": "unknown00746.txt", "true-author": "candidate00058"},
{"unknown-text": "unknown00747.txt", "true-author": "candidate00010"},
{"unknown-text": "unknown00748.txt", "true-author": "candidate00005"},
{"unknown-text": "unknown00749.txt", "true-author": "candidate00029"},
{"unknown-text": "unknown00750.txt", "true-author": "candidate00029"},
{"unknown-text": "unknown00751.txt", "true-author": "candidate00023"},
{"unknown-text": "unknown00752.txt", "true-author": "candidate00071"},
{"unknown-text": "unknown00753.txt", "true-author": "candidate00029"},
{"unknown-text": "unknown00754.txt", "true-author": "candidate00017"},
{"unknown-text": "unknown00755.txt", "true-author": "candidate00044"},
{"unknown-text": "unknown00756.txt", "true-author": "candidate00061"},
{"unknown-text": "unknown00757.txt", "true-author": "candidate00061"},
{"unknown-text": "unknown00758.txt", "true-author": "candidate00017"},
{"unknown-text": "unknown00759.txt", "true-author": "candidate00004"},
{"unknown-text": "unknown00760.txt", "true-author": "candidate00003"},
{"unknown-text": "unknown00761.txt", "true-author": "candidate00029"},
{"unknown-text": "unknown00762.txt", "true-author": "candidate00023"},
{"unknown-text": "unknown00763.txt", "true-author": "candidate00068"},
{"unknown-text": "unknown00764.txt", "true-author": "candidate00008"},
{"unknown-text": "unknown00765.txt", "true-author": "candidate00026"},
{"unknown-text": "unknown00766.txt", "true-author": "candidate00067"},
{"unknown-text": "unknown00767.txt", "true-author": "candidate00017"},
{"unknown-text": "unknown00768.txt", "true-author": "candidate00066"},
{"unknown-text": "unknown00769.txt", "true-author": "candidate00072"},
{"unknown-text": "unknown00770.txt", "true-author": "candidate00017"},
{"unknown-text": "unknown00771.txt", "true-author": "candidate00010"},
{"unknown-text": "unknown00772.txt", "true-author": "candidate00036"},
{"unknown-text": "unknown00773.txt", "true-author": "candidate00053"},
{"unknown-text": "unknown00774.txt", "true-author": "candidate00072"},
{"unknown-text": "unknown00775.txt", "true-author": "candidate00044"},
{"unknown-text": "unknown00776.txt", "true-author": "candidate00017"},
{"unknown-text": "unknown00777.txt", "true-author": "candidate00005"},
{"unknown-text": "unknown00778.txt", "true-author": "candidate00018"},
{"unknown-text": "unknown00779.txt", "true-author": "candidate00061"},
{"unknown-text": "unknown00780.txt", "true-author": "candidate00010"},
{"unknown-text": "unknown00781.txt", "true-author": "candidate00043"},
{"unknown-text": "unknown00782.txt", "true-author": "candidate00048"},
{"unknown-text": "unknown00783.txt", "true-author": "candidate00058"},
{"unknown-text": "unknown00784.txt", "true-author": "candidate00023"},
{"unknown-text": "unknown00785.txt", "true-author": "candidate00018"},
{"unknown-text": "unknown00786.txt", "true-author": "candidate00043"},
{"unknown-text": "unknown00787.txt", "true-author": "candidate00049"},
{"unknown-text": "unknown00788.txt", "true-author": "candidate00012"},
{"unknown-text": "unknown00789.txt", "true-author": "candidate00017"},
{"unknown-text": "unknown00790.txt", "true-author": "candidate00029"},
{"unknown-text": "unknown00791.txt", "true-author": "candidate00023"},
{"unknown-text": "unknown00792.txt", "true-author": "candidate00031"},
{"unknown-text": "unknown00793.txt", "true-author": "candidate00004"},
{"unknown-text": "unknown00794.txt", "true-author": "candidate00060"},
{"unknown-text": "unknown00795.txt", "true-author": "candidate00017"},
{"unknown-text": "unknown00796.txt", "true-author": "candidate00059"},
{"unknown-text": "unknown00797.txt", "true-author": "candidate00012"},
{"unknown-text": "unknown00798.txt", "true-author": "candidate00064"},
{"unknown-text": "unknown00799.txt", "true-author": "candidate00065"},
{"unknown-text": "unknown00800.txt", "true-author": "candidate00068"},
{"unknown-text": "unknown00801.txt", "true-author": "candidate00052"},
{"unknown-text": "unknown00802.txt", "true-author": "candidate00034"},
{"unknown-text": "unknown00803.txt", "true-author": "candidate00005"},
{"unknown-text": "unknown00804.txt", "true-author": "candidate00007"},
{"unknown-text": "unknown00805.txt", "true-author": "candidate00051"},
{"unknown-text": "unknown00806.txt", "true-author": "candidate00063"},
{"unknown-text": "unknown00807.txt", "true-author": "candidate00011"},
{"unknown-text": "unknown00808.txt", "true-author": "candidate00066"},
{"unknown-text": "unknown00809.txt", "true-author": "candidate00006"},
{"unknown-text": "unknown00810.txt", "true-author": "candidate00060"},
{"unknown-text": "unknown00811.txt", "true-author": "candidate00029"},
{"unknown-text": "unknown00812.txt", "true-author": "candidate00059"},
{"unknown-text": "unknown00813.txt", "true-author": "candidate00023"},
{"unknown-text": "unknown00814.txt", "true-author": "candidate00014"},
{"unknown-text": "unknown00815.txt", "true-author": "candidate00064"},
{"unknown-text": "unknown00816.txt", "true-author": "candidate00031"},
{"unknown-text": "unknown00817.txt", "true-author": "candidate00042"},
{"unknown-text": "unknown00818.txt", "true-author": "candidate00058"},
{"unknown-text": "unknown00819.txt", "true-author": "candidate00050"},
{"unknown-text": "unknown00820.txt", "true-author": "candidate00001"},
{"unknown-text": "unknown00821.txt", "true-author": "candidate00032"},
{"unknown-text": "unknown00822.txt", "true-author": "candidate00058"},
{"unknown-text": "unknown00823.txt", "true-author": "candidate00020"},
{"unknown-text": "unknown00824.txt", "true-author": "candidate00017"},
{"unknown-text": "unknown00825.txt", "true-author": "candidate00017"},
{"unknown-text": "unknown00826.txt", "true-author": "candidate00023"},
{"unknown-text": "unknown00827.txt", "true-author": "candidate00058"},
{"unknown-text": "unknown00828.txt", "true-author": "candidate00033"},
{"unknown-text": "unknown00829.txt", "true-author": "candidate00044"},
{"unknown-text": "unknown00830.txt", "true-author": "candidate00045"},
{"unknown-text": "unknown00831.txt", "true-author": "candidate00058"},
{"unknown-text": "unknown00832.txt", "true-author": "candidate00007"},
{"unknown-text": "unknown00833.txt", "true-author": "candidate00020"},
{"unknown-text": "unknown00834.txt", "true-author": "candidate00017"},
{"unknown-text": "unknown00835.txt", "true-author": "candidate00023"},
{"unknown-text": "unknown00836.txt", "true-author": "candidate00072"},
{"unknown-text": "unknown00837.txt", "true-author": "candidate00003"},
{"unknown-text": "unknown00838.txt", "true-author": "candidate00065"},
{"unknown-text": "unknown00839.txt", "true-author": "candidate00071"},
{"unknown-text": "unknown00840.txt", "true-author": "candidate00023"},
{"unknown-text": "unknown00841.txt", "true-author": "candidate00020"},
{"unknown-text": "unknown00842.txt", "true-author": "candidate00006"},
{"unknown-text": "unknown00843.txt", "true-author": "candidate00035"},
{"unknown-text": "unknown00844.txt", "true-author": "candidate00013"},
{"unknown-text": "unknown00845.txt", "true-author": "candidate00006"},
{"unknown-text": "unknown00846.txt", "true-author": "candidate00069"},
{"unknown-text": "unknown00847.txt", "true-author": "candidate00058"},
{"unknown-text": "unknown00848.txt", "true-author": "candidate00054"},
{"unknown-text": "unknown00849.txt", "true-author": "candidate00057"},
{"unknown-text": "unknown00850.txt", "true-author": "candidate00012"},
{"unknown-text": "unknown00851.txt", "true-author": "candidate00044"},
{"unknown-text": "unknown00852.txt", "true-author": "candidate00072"},
{"unknown-text": "unknown00853.txt", "true-author": "candidate00005"},
{"unknown-text": "unknown00854.txt", "true-author": "candidate00017"},
{"unknown-text": "unknown00855.txt", "true-author": "candidate00003"},
{"unknown-text": "unknown00856.txt", "true-author": "candidate00002"},
{"unknown-text": "unknown00857.txt", "true-author": "candidate00049"},
{"unknown-text": "unknown00858.txt", "true-author": "candidate00050"},
{"unknown-text": "unknown00859.txt", "true-author": "candidate00002"},
{"unknown-text": "unknown00860.txt", "true-author": "candidate00014"},
{"unknown-text": "unknown00861.txt", "true-author": "candidate00013"},
{"unknown-text": "unknown00862.txt", "true-author": "candidate00066"},
{"unknown-text": "unknown00863.txt", "true-author": "candidate00059"},
{"unknown-text": "unknown00864.txt", "true-author": "candidate00029"},
{"unknown-text": "unknown00865.txt", "true-author": "candidate00023"},
{"unknown-text": "unknown00866.txt", "true-author": "candidate00023"},
{"unknown-text": "unknown00867.txt", "true-author": "candidate00060"},
{"unknown-text": "unknown00868.txt", "true-author": "candidate00066"},
{"unknown-text": "unknown00869.txt", "true-author": "candidate00035"},
{"unknown-text": "unknown00870.txt", "true-author": "candidate00055"},
{"unknown-text": "unknown00871.txt", "true-author": "candidate00017"},
{"unknown-text": "unknown00872.txt", "true-author": "candidate00029"},
{"unknown-text": "unknown00873.txt", "true-author": "candidate00017"},
{"unknown-text": "unknown00874.txt", "true-author": "candidate00068"},
{"unknown-text": "unknown00875.txt", "true-author": "candidate00018"},
{"unknown-text": "unknown00876.txt", "true-author": "candidate00043"},
{"unknown-text": "unknown00877.txt", "true-author": "candidate00072"},
{"unknown-text": "unknown00878.txt", "true-author": "candidate00071"},
{"unknown-text": "unknown00879.txt", "true-author": "candidate00017"},
{"unknown-text": "unknown00880.txt", "true-author": "candidate00058"},
{"unknown-text": "unknown00881.txt", "true-author": "candidate00025"},
{"unknown-text": "unknown00882.txt", "true-author": "candidate00023"},
{"unknown-text": "unknown00883.txt", "true-author": "candidate00017"},
{"unknown-text": "unknown00884.txt", "true-author": "candidate00063"},
{"unknown-text": "unknown00885.txt", "true-author": "candidate00049"},
{"unknown-text": "unknown00886.txt", "true-author": "candidate00068"},
{"unknown-text": "unknown00887.txt", "true-author": "candidate00018"},
{"unknown-text": "unknown00888.txt", "true-author": "candidate00036"},
{"unknown-text": "unknown00889.txt", "true-author": "candidate00017"},
{"unknown-text": "unknown00890.txt", "true-author": "candidate00060"},
{"unknown-text": "unknown00891.txt", "true-author": "candidate00029"},
{"unknown-text": "unknown00892.txt", "true-author": "candidate00002"},
{"unknown-text": "unknown00893.txt", "true-author": "candidate00020"},
{"unknown-text": "unknown00894.txt", "true-author": "candidate00012"},
{"unknown-text": "unknown00895.txt", "true-author": "candidate00003"},
{"unknown-text": "unknown00896.txt", "true-author": "candidate00012"},
{"unknown-text": "unknown00897.txt", "true-author": "candidate00057"},
{"unknown-text": "unknown00898.txt", "true-author": "candidate00060"},
{"unknown-text": "unknown00899.txt", "true-author": "candidate00055"},
{"unknown-text": "unknown00900.txt", "true-author": "candidate00013"},
{"unknown-text": "unknown00901.txt", "true-author": "candidate00020"},
{"unknown-text": "unknown00902.txt", "true-author": "candidate00023"},
{"unknown-text": "unknown00903.txt", "true-author": "candidate00044"},
{"unknown-text": "unknown00904.txt", "true-author": "candidate00060"},
{"unknown-text": "unknown00905.txt", "true-author": "candidate00052"},
{"unknown-text": "unknown00906.txt", "true-author": "candidate00044"},
{"unknown-text": "unknown00907.txt", "true-author": "candidate00052"},
{"unknown-text": "unknown00908.txt", "true-author": "candidate00071"},
{"unknown-text": "unknown00909.txt", "true-author": "candidate00006"},
{"unknown-text": "unknown00910.txt", "true-author": "candidate00023"},
{"unknown-text": "unknown00911.txt", "true-author": "candidate00005"},
{"unknown-text": "unknown00912.txt", "true-author": "candidate00043"},
{"unknown-text": "unknown00913.txt", "true-author": "candidate00063"},
{"unknown-text": "unknown00914.txt", "true-author": "candidate00066"},
{"unknown-text": "unknown00915.txt", "true-author": "candidate00048"},
{"unknown-text": "unknown00916.txt", "true-author": "candidate00002"},
{"unknown-text": "unknown00917.txt", "true-author": "candidate00017"},
{"unknown-text": "unknown00918.txt", "true-author": "candidate00032"},
{"unknown-text": "unknown00919.txt", "true-author": "candidate00017"},
{"unknown-text": "unknown00920.txt", "true-author": "candidate00023"},
{"unknown-text": "unknown00921.txt", "true-author": "candidate00049"},
{"unknown-text": "unknown00922.txt", "true-author": "candidate00029"},
{"unknown-text": "unknown00923.txt", "true-author": "candidate00017"},
{"unknown-text": "unknown00924.txt", "true-author": "candidate00012"},
{"unknown-text": "unknown00925.txt", "true-author": "candidate00003"},
{"unknown-text": "unknown00926.txt", "true-author": "candidate00017"},
{"unknown-text": "unknown00927.txt", "true-author": "candidate00017"},
{"unknown-text": "unknown00928.txt", "true-author": "candidate00055"},
{"unknown-text": "unknown00929.txt", "true-author": "candidate00050"},
{"unknown-text": "unknown00930.txt", "true-author": "candidate00023"},
{"unknown-text": "unknown00931.txt", "true-author": "candidate00063"},
{"unknown-text": "unknown00932.txt", "true-author": "candidate00002"},
{"unknown-text": "unknown00933.txt", "true-author": "candidate00050"},
{"unknown-text": "unknown00934.txt", "true-author": "candidate00035"},
{"unknown-text": "unknown00935.txt", "true-author": "candidate00043"},
{"unknown-text": "unknown00936.txt", "true-author": "candidate00022"},
{"unknown-text": "unknown00937.txt", "true-author": "candidate00003"},
{"unknown-text": "unknown00938.txt", "true-author": "candidate00066"},
{"unknown-text": "unknown00939.txt", "true-author": "candidate00010"},
{"unknown-text": "unknown00940.txt", "true-author": "candidate00013"},
{"unknown-text": "unknown00941.txt", "true-author": "candidate00064"},
{"unknown-text": "unknown00942.txt", "true-author": "candidate00012"},
{"unknown-text": "unknown00943.txt", "true-author": "candidate00067"},
{"unknown-text": "unknown00944.txt", "true-author": "candidate00058"},
{"unknown-text": "unknown00945.txt", "true-author": "candidate00071"},
{"unknown-text": "unknown00946.txt", "true-author": "candidate00017"},
{"unknown-text": "unknown00947.txt", "true-author": "candidate00061"},
{"unknown-text": "unknown00948.txt", "true-author": "candidate00071"},
{"unknown-text": "unknown00949.txt", "true-author": "candidate00023"},
{"unknown-text": "unknown00950.txt", "true-author": "candidate00012"},
{"unknown-text": "unknown00951.txt", "true-author": "candidate00071"},
{"unknown-text": "unknown00952.txt", "true-author": "candidate00018"},
{"unknown-text": "unknown00953.txt", "true-author": "candidate00013"},
{"unknown-text": "unknown00954.txt", "true-author": "candidate00044"},
{"unknown-text": "unknown00955.txt", "true-author": "candidate00050"},
{"unknown-text": "unknown00956.txt", "true-author": "candidate00059"},
{"unknown-text": "unknown00957.txt", "true-author": "candidate00058"},
{"unknown-text": "unknown00958.txt", "true-author": "candidate00062"},
{"unknown-text": "unknown00959.txt", "true-author": "candidate00072"},
{"unknown-text": "unknown00960.txt", "true-author": "candidate00034"},
{"unknown-text": "unknown00961.txt", "true-author": "candidate00063"},
{"unknown-text": "unknown00962.txt", "true-author": "candidate00043"},
{"unknown-text": "unknown00963.txt", "true-author": "candidate00029"},
{"unknown-text": "unknown00964.txt", "true-author": "candidate00017"},
{"unknown-text": "unknown00965.txt", "true-author": "candidate00010"},
{"unknown-text": "unknown00966.txt", "true-author": "candidate00065"},
{"unknown-text": "unknown00967.txt", "true-author": "candidate00067"},
{"unknown-text": "unknown00968.txt", "true-author": "candidate00006"},
{"unknown-text": "unknown00969.txt", "true-author": "candidate00058"},
{"unknown-text": "unknown00970.txt", "true-author": "candidate00044"},
{"unknown-text": "unknown00971.txt", "true-author": "candidate00044"},
{"unknown-text": "unknown00972.txt", "true-author": "candidate00071"},
{"unknown-text": "unknown00973.txt", "true-author": "candidate00036"},
{"unknown-text": "unknown00974.txt", "true-author": "candidate00023"},
{"unknown-text": "unknown00975.txt", "true-author": "candidate00034"},
{"unknown-text": "unknown00976.txt", "true-author": "candidate00015"},
{"unknown-text": "unknown00977.txt", "true-author": "candidate00018"},
{"unknown-text": "unknown00978.txt", "true-author": "candidate00029"},
{"unknown-text": "unknown00979.txt", "true-author": "candidate00066"},
{"unknown-text": "unknown00980.txt", "true-author": "candidate00044"},
{"unknown-text": "unknown00981.txt", "true-author": "candidate00055"},
{"unknown-text": "unknown00982.txt", "true-author": "candidate00043"},
{"unknown-text": "unknown00983.txt", "true-author": "candidate00023"},
{"unknown-text": "unknown00984.txt", "true-author": "candidate00054"},
{"unknown-text": "unknown00985.txt", "true-author": "candidate00002"},
{"unknown-text": "unknown00986.txt", "true-author": "candidate00055"},
{"unknown-text": "unknown00987.txt", "true-author": "candidate00012"},
{"unknown-text": "unknown00988.txt", "true-author": "candidate00006"},
{"unknown-text": "unknown00989.txt", "true-author": "candidate00036"},
{"unknown-text": "unknown00990.txt", "true-author": "candidate00059"},
{"unknown-text": "unknown00991.txt", "true-author": "candidate00043"},
{"unknown-text": "unknown00992.txt", "true-author": "candidate00005"},
{"unknown-text": "unknown00993.txt", "true-author": "candidate00057"},
{"unknown-text": "unknown00994.txt", "true-author": "candidate00027"},
{"unknown-text": "unknown00995.txt", "true-author": "candidate00071"},
{"unknown-text": "unknown00996.txt", "true-author": "candidate00044"},
{"unknown-text": "unknown00997.txt", "true-author": "candidate00065"},
{"unknown-text": "unknown00998.txt", "true-author": "candidate00061"},
{"unknown-text": "unknown00999.txt", "true-author": "candidate00003"},
{"unknown-text": "unknown01000.txt", "true-author": "candidate00058"},
{"unknown-text": "unknown01001.txt", "true-author": "candidate00005"},
{"unknown-text": "unknown01002.txt", "true-author": "candidate00003"},
{"unknown-text": "unknown01003.txt", "true-author": "candidate00023"},
{"unknown-text": "unknown01004.txt", "true-author": "candidate00024"},
{"unknown-text": "unknown01005.txt", "true-author": "candidate00066"},
{"unknown-text": "unknown01006.txt", "true-author": "candidate00005"},
{"unknown-text": "unknown01007.txt", "true-author": "candidate00002"},
{"unknown-text": "unknown01008.txt", "true-author": "candidate00048"},
{"unknown-text": "unknown01009.txt", "true-author": "candidate00052"},
{"unknown-text": "unknown01010.txt", "true-author": "candidate00055"},
{"unknown-text": "unknown01011.txt", "true-author": "candidate00042"},
{"unknown-text": "unknown01012.txt", "true-author": "candidate00023"},
{"unknown-text": "unknown01013.txt", "true-author": "candidate00055"},
{"unknown-text": "unknown01014.txt", "true-author": "candidate00035"},
{"unknown-text": "unknown01015.txt", "true-author": "candidate00020"},
{"unknown-text": "unknown01016.txt", "true-author": "candidate00003"},
{"unknown-text": "unknown01017.txt", "true-author": "candidate00060"},
{"unknown-text": "unknown01018.txt", "true-author": "candidate00064"},
{"unknown-text": "unknown01019.txt", "true-author": "candidate00058"},
{"unknown-text": "unknown01020.txt", "true-author": "candidate00026"},
{"unknown-text": "unknown01021.txt", "true-author": "candidate00049"},
{"unknown-text": "unknown01022.txt", "true-author": "candidate00029"},
{"unknown-text": "unknown01023.txt", "true-author": "candidate00023"},
{"unknown-text": "unknown01024.txt", "true-author": "candidate00018"},
{"unknown-text": "unknown01025.txt", "true-author": "candidate00023"},
{"unknown-text": "unknown01026.txt", "true-author": "candidate00063"},
{"unknown-text": "unknown01027.txt", "true-author": "candidate00044"},
{"unknown-text": "unknown01028.txt", "true-author": "candidate00023"},
{"unknown-text": "unknown01029.txt", "true-author": "candidate00064"},
{"unknown-text": "unknown01030.txt", "true-author": "candidate00049"},
{"unknown-text": "unknown01031.txt", "true-author": "candidate00005"},
{"unknown-text": "unknown01032.txt", "true-author": "candidate00006"},
{"unknown-text": "unknown01033.txt", "true-author": "candidate00043"},
{"unknown-text": "unknown01034.txt", "true-author": "candidate00017"},
{"unknown-text": "unknown01035.txt", "true-author": "candidate00012"},
{"unknown-text": "unknown01036.txt", "true-author": "candidate00005"},
{"unknown-text": "unknown01037.txt", "true-author": "candidate00043"},
{"unknown-text": "unknown01038.txt", "true-author": "candidate00006"},
{"unknown-text": "unknown01039.txt", "true-author": "candidate00005"},
{"unknown-text": "unknown01040.txt", "true-author": "candidate00071"},
{"unknown-text": "unknown01041.txt", "true-author": "candidate00018"},
{"unknown-text": "unknown01042.txt", "true-author": "candidate00043"},
{"unknown-text": "unknown01043.txt", "true-author": "candidate00045"},
{"unknown-text": "unknown01044.txt", "true-author": "candidate00062"},
{"unknown-text": "unknown01045.txt", "true-author": "candidate00060"},
{"unknown-text": "unknown01046.txt", "true-author": "candidate00047"},
{"unknown-text": "unknown01047.txt", "true-author": "candidate00018"},
{"unknown-text": "unknown01048.txt", "true-author": "candidate00034"},
{"unknown-text": "unknown01049.txt", "true-author": "candidate00071"},
{"unknown-text": "unknown01050.txt", "true-author": "candidate00058"},
{"unknown-text": "unknown01051.txt", "true-author": "candidate00044"},
{"unknown-text": "unknown01052.txt", "true-author": "candidate00028"},
{"unknown-text": "unknown01053.txt", "true-author": "candidate00024"},
{"unknown-text": "unknown01054.txt", "true-author": "candidate00002"},
{"unknown-text": "unknown01055.txt", "true-author": "candidate00005"},
{"unknown-text": "unknown01056.txt", "true-author": "candidate00058"},
{"unknown-text": "unknown01057.txt", "true-author": "candidate00071"},
{"unknown-text": "unknown01058.txt", "true-author": "candidate00007"},
{"unknown-text": "unknown01059.txt", "true-author": "candidate00003"},
{"unknown-text": "unknown01060.txt", "true-author": "candidate00012"},
{"unknown-text": "unknown01061.txt", "true-author": "candidate00049"},
{"unknown-text": "unknown01062.txt", "true-author": "candidate00044"},
{"unknown-text": "unknown01063.txt", "true-author": "candidate00044"},
{"unknown-text": "unknown01064.txt", "true-author": "candidate00005"},
{"unknown-text": "unknown01065.txt", "true-author": "candidate00002"},
{"unknown-text": "unknown01066.txt", "true-author": "candidate00013"},
{"unknown-text": "unknown01067.txt", "true-author": "candidate00071"},
{"unknown-text": "unknown01068.txt", "true-author": "candidate00059"},
{"unknown-text": "unknown01069.txt", "true-author": "candidate00071"},
{"unknown-text": "unknown01070.txt", "true-author": "candidate00010"},
{"unknown-text": "unknown01071.txt", "true-author": "candidate00029"},
{"unknown-text": "unknown01072.txt", "true-author": "candidate00060"},
{"unknown-text": "unknown01073.txt", "true-author": "candidate00014"},
{"unknown-text": "unknown01074.txt", "true-author": "candidate00059"},
{"unknown-text": "unknown01075.txt", "true-author": "candidate00012"},
{"unknown-text": "unknown01076.txt", "true-author": "candidate00067"},
{"unknown-text": "unknown01077.txt", "true-author": "candidate00023"},
{"unknown-text": "unknown01078.txt", "true-author": "candidate00057"},
{"unknown-text": "unknown01079.txt", "true-author": "candidate00068"},
{"unknown-text": "unknown01080.txt", "true-author": "candidate00007"},
{"unknown-text": "unknown01081.txt", "true-author": "candidate00064"},
{"unknown-text": "unknown01082.txt", "true-author": "candidate00059"},
{"unknown-text": "unknown01083.txt", "true-author": "candidate00004"},
{"unknown-text": "unknown01084.txt", "true-author": "candidate00058"},
{"unknown-text": "unknown01085.txt", "true-author": "candidate00001"},
{"unknown-text": "unknown01086.txt", "true-author": "candidate00029"},
{"unknown-text": "unknown01087.txt", "true-author": "candidate00058"},
{"unknown-text": "unknown01088.txt", "true-author": "candidate00005"},
{"unknown-text": "unknown01089.txt", "true-author": "candidate00013"},
{"unknown-text": "unknown01090.txt", "true-author": "candidate00007"},
{"unknown-text": "unknown01091.txt", "true-author": "candidate00017"},
{"unknown-text": "unknown01092.txt", "true-author": "candidate00013"},
{"unknown-text": "unknown01093.txt", "true-author": "candidate00035"},
{"unknown-text": "unknown01094.txt", "true-author": "candidate00017"},
{"unknown-text": "unknown01095.txt", "true-author": "candidate00006"},
{"unknown-text": "unknown01096.txt", "true-author": "candidate00023"},
{"unknown-text": "unknown01097.txt", "true-author": "candidate00002"},
{"unknown-text": "unknown01098.txt", "true-author": "candidate00055"},
{"unknown-text": "unknown01099.txt", "true-author": "candidate00017"},
{"unknown-text": "unknown01100.txt", "true-author": "candidate00013"},
{"unknown-text": "unknown01101.txt", "true-author": "candidate00027"},
{"unknown-text": "unknown01102.txt", "true-author": "candidate00043"},
{"unknown-text": "unknown01103.txt", "true-author": "candidate00005"},
{"unknown-text": "unknown01104.txt", "true-author": "candidate00072"},
{"unknown-text": "unknown01105.txt", "true-author": "candidate00064"},
{"unknown-text": "unknown01106.txt", "true-author": "candidate00004"},
{"unknown-text": "unknown01107.txt", "true-author": "candidate00013"},
{"unknown-text": "unknown01108.txt", "true-author": "candidate00053"},
{"unknown-text": "unknown01109.txt", "true-author": "candidate00023"},
{"unknown-text": "unknown01110.txt", "true-author": "candidate00065"},
{"unknown-text": "unknown01111.txt", "true-author": "candidate00026"},
{"unknown-text": "unknown01112.txt", "true-author": "candidate00065"},
{"unknown-text": "unknown01113.txt", "true-author": "candidate00067"},
{"unknown-text": "unknown01114.txt", "true-author": "candidate00066"},
{"unknown-text": "unknown01115.txt", "true-author": "candidate00071"},
{"unknown-text": "unknown01116.txt", "true-author": "candidate00004"},
{"unknown-text": "unknown01117.txt", "true-author": "candidate00058"},
{"unknown-text": "unknown01118.txt", "true-author": "candidate00023"},
{"unknown-text": "unknown01119.txt", "true-author": "candidate00035"},
{"unknown-text": "unknown01120.txt", "true-author": "candidate00063"},
{"unknown-text": "unknown01121.txt", "true-author": "candidate00008"},
{"unknown-text": "unknown01122.txt", "true-author": "candidate00018"},
{"unknown-text": "unknown01123.txt", "true-author": "candidate00029"},
{"unknown-text": "unknown01124.txt", "true-author": "candidate00029"},
{"unknown-text": "unknown01125.txt", "true-author": "candidate00072"},
{"unknown-text": "unknown01126.txt", "true-author": "candidate00002"},
{"unknown-text": "unknown01127.txt", "true-author": "candidate00029"},
{"unknown-text": "unknown01128.txt", "true-author": "candidate00058"},
{"unknown-text": "unknown01129.txt", "true-author": "candidate00033"},
{"unknown-text": "unknown01130.txt", "true-author": "candidate00005"},
{"unknown-text": "unknown01131.txt", "true-author": "candidate00035"},
{"unknown-text": "unknown01132.txt", "true-author": "candidate00017"},
{"unknown-text": "unknown01133.txt", "true-author": "candidate00067"},
{"unknown-text": "unknown01134.txt", "true-author": "candidate00034"},
{"unknown-text": "unknown01135.txt", "true-author": "candidate00012"},
{"unknown-text": "unknown01136.txt", "true-author": "candidate00034"},
{"unknown-text": "unknown01137.txt", "true-author": "candidate00023"},
{"unknown-text": "unknown01138.txt", "true-author": "candidate00026"},
{"unknown-text": "unknown01139.txt", "true-author": "candidate00029"},
{"unknown-text": "unknown01140.txt", "true-author": "candidate00029"},
{"unknown-text": "unknown01141.txt", "true-author": "candidate00058"},
{"unknown-text": "unknown01142.txt", "true-author": "candidate00044"},
{"unknown-text": "unknown01143.txt", "true-author": "candidate00005"},
{"unknown-text": "unknown01144.txt", "true-author": "candidate00005"},
{"unknown-text": "unknown01145.txt", "true-author": "candidate00023"},
{"unknown-text": "unknown01146.txt", "true-author": "candidate00052"},
{"unknown-text": "unknown01147.txt", "true-author": "candidate00072"},
{"unknown-text": "unknown01148.txt", "true-author": "candidate00033"},
{"unknown-text": "unknown01149.txt", "true-author": "candidate00017"},
{"unknown-text": "unknown01150.txt", "true-author": "candidate00007"},
{"unknown-text": "unknown01151.txt", "true-author": "candidate00068"},
{"unknown-text": "unknown01152.txt", "true-author": "candidate00071"},
{"unknown-text": "unknown01153.txt", "true-author": "candidate00029"},
{"unknown-text": "unknown01154.txt", "true-author": "candidate00017"},
{"unknown-text": "unknown01155.txt", "true-author": "candidate00017"},
{"unknown-text": "unknown01156.txt", "true-author": "candidate00072"},
{"unknown-text": "unknown01157.txt", "true-author": "candidate00070"},
{"unknown-text": "unknown01158.txt", "true-author": "candidate00026"},
{"unknown-text": "unknown01159.txt", "true-author": "candidate00012"},
{"unknown-text": "unknown01160.txt", "true-author": "candidate00060"},
{"unknown-text": "unknown01161.txt", "true-author": "candidate00012"},
{"unknown-text": "unknown01162.txt", "true-author": "candidate00062"},
{"unknown-text": "unknown01163.txt", "true-author": "candidate00023"},
{"unknown-text": "unknown01164.txt", "true-author": "candidate00044"},
{"unknown-text": "unknown01165.txt", "true-author": "candidate00029"},
{"unknown-text": "unknown01166.txt", "true-author": "candidate00003"},
{"unknown-text": "unknown01167.txt", "true-author": "candidate00012"},
{"unknown-text": "unknown01168.txt", "true-author": "candidate00050"},
{"unknown-text": "unknown01169.txt", "true-author": "candidate00071"},
{"unknown-text": "unknown01170.txt", "true-author": "candidate00055"},
{"unknown-text": "unknown01171.txt", "true-author": "candidate00064"},
{"unknown-text": "unknown01172.txt", "true-author": "candidate00037"},
{"unknown-text": "unknown01173.txt", "true-author": "candidate00064"},
{"unknown-text": "unknown01174.txt", "true-author": "candidate00071"},
{"unknown-text": "unknown01175.txt", "true-author": "candidate00040"},
{"unknown-text": "unknown01176.txt", "true-author": "candidate00035"},
{"unknown-text": "unknown01177.txt", "true-author": "candidate00060"},
{"unknown-text": "unknown01178.txt", "true-author": "candidate00005"},
{"unknown-text": "unknown01179.txt", "true-author": "candidate00029"},
{"unknown-text": "unknown01180.txt", "true-author": "candidate00005"},
{"unknown-text": "unknown01181.txt", "true-author": "candidate00012"},
{"unknown-text": "unknown01182.txt", "true-author": "candidate00012"},
{"unknown-text": "unknown01183.txt", "true-author": "candidate00010"},
{"unknown-text": "unknown01184.txt", "true-author": "candidate00043"},
{"unknown-text": "unknown01185.txt", "true-author": "candidate00036"},
{"unknown-text": "unknown01186.txt", "true-author": "candidate00001"},
{"unknown-text": "unknown01187.txt", "true-author": "candidate00017"},
{"unknown-text": "unknown01188.txt", "true-author": "candidate00064"},
{"unknown-text": "unknown01189.txt", "true-author": "candidate00059"},
{"unknown-text": "unknown01190.txt", "true-author": "candidate00005"},
{"unknown-text": "unknown01191.txt", "true-author": "candidate00036"},
{"unknown-text": "unknown01192.txt", "true-author": "candidate00012"},
{"unknown-text": "unknown01193.txt", "true-author": "candidate00005"},
{"unknown-text": "unknown01194.txt", "true-author": "candidate00001"},
{"unknown-text": "unknown01195.txt", "true-author": "candidate00050"},
{"unknown-text": "unknown01196.txt", "true-author": "candidate00002"},
{"unknown-text": "unknown01197.txt", "true-author": "candidate00018"},
{"unknown-text": "unknown01198.txt", "true-author": "candidate00005"},
{"unknown-text": "unknown01199.txt", "true-author": "candidate00020"},
{"unknown-text": "unknown01200.txt", "true-author": "candidate00064"},
{"unknown-text": "unknown01201.txt", "true-author": "candidate00015"},
{"unknown-text": "unknown01202.txt", "true-author": "candidate00058"},
{"unknown-text": "unknown01203.txt", "true-author": "candidate00063"},
{"unknown-text": "unknown01204.txt", "true-author": "candidate00071"},
{"unknown-text": "unknown01205.txt", "true-author": "candidate00008"},
{"unknown-text": "unknown01206.txt", "true-author": "candidate00057"},
{"unknown-text": "unknown01207.txt", "true-author": "candidate00058"},
{"unknown-text": "unknown01208.txt", "true-author": "candidate00064"},
{"unknown-text": "unknown01209.txt", "true-author": "candidate00029"},
{"unknown-text": "unknown01210.txt", "true-author": "candidate00010"},
{"unknown-text": "unknown01211.txt", "true-author": "candidate00004"},
{"unknown-text": "unknown01212.txt", "true-author": "candidate00006"},
{"unknown-text": "unknown01213.txt", "true-author": "candidate00029"},
{"unknown-text": "unknown01214.txt", "true-author": "candidate00071"},
{"unknown-text": "unknown01215.txt", "true-author": "candidate00034"},
{"unknown-text": "unknown01216.txt", "true-author": "candidate00057"},
{"unknown-text": "unknown01217.txt", "true-author": "candidate00023"},
{"unknown-text": "unknown01218.txt", "true-author": "candidate00072"},
{"unknown-text": "unknown01219.txt", "true-author": "candidate00049"},
{"unknown-text": "unknown01220.txt", "true-author": "candidate00002"},
{"unknown-text": "unknown01221.txt", "true-author": "candidate00005"},
{"unknown-text": "unknown01222.txt", "true-author": "candidate00034"},
{"unknown-text": "unknown01223.txt", "true-author": "candidate00064"},
{"unknown-text": "unknown01224.txt", "true-author": "candidate00054"},
{"unknown-text": "unknown01225.txt", "true-author": "candidate00065"},
{"unknown-text": "unknown01226.txt", "true-author": "candidate00072"},
{"unknown-text": "unknown01227.txt", "true-author": "candidate00007"},
{"unknown-text": "unknown01228.txt", "true-author": "candidate00035"},
{"unknown-text": "unknown01229.txt", "true-author": "candidate00060"},
{"unknown-text": "unknown01230.txt", "true-author": "candidate00071"},
{"unknown-text": "unknown01231.txt", "true-author": "candidate00060"},
{"unknown-text": "unknown01232.txt", "true-author": "candidate00023"},
{"unknown-text": "unknown01233.txt", "true-author": "candidate00005"},
{"unknown-text": "unknown01234.txt", "true-author": "candidate00015"},
{"unknown-text": "unknown01235.txt", "true-author": "candidate00044"},
{"unknown-text": "unknown01236.txt", "true-author": "candidate00017"},
{"unknown-text": "unknown01237.txt", "true-author": "candidate00072"},
{"unknown-text": "unknown01238.txt", "true-author": "candidate00005"},
{"unknown-text": "unknown01239.txt", "true-author": "candidate00022"},
{"unknown-text": "unknown01240.txt", "true-author": "candidate00060"},
{"unknown-text": "unknown01241.txt", "true-author": "candidate00034"},
{"unknown-text": "unknown01242.txt", "true-author": "candidate00024"},
{"unknown-text": "unknown01243.txt", "true-author": "candidate00002"},
{"unknown-text": "unknown01244.txt", "true-author": "candidate00058"},
{"unknown-text": "unknown01245.txt", "true-author": "candidate00015"},
{"unknown-text": "unknown01246.txt", "true-author": "candidate00056"},
{"unknown-text": "unknown01247.txt", "true-author": "candidate00066"},
{"unknown-text": "unknown01248.txt", "true-author": "candidate00005"},
{"unknown-text": "unknown01249.txt", "true-author": "candidate00054"},
{"unknown-text": "unknown01250.txt", "true-author": "candidate00002"},
{"unknown-text": "unknown01251.txt", "true-author": "candidate00058"},
{"unknown-text": "unknown01252.txt", "true-author": "candidate00001"},
{"unknown-text": "unknown01253.txt", "true-author": "candidate00017"},
{"unknown-text": "unknown01254.txt", "true-author": "candidate00003"},
{"unknown-text": "unknown01255.txt", "true-author": "candidate00002"},
{"unknown-text": "unknown01256.txt", "true-author": "candidate00003"},
{"unknown-text": "unknown01257.txt", "true-author": "candidate00005"},
{"unknown-text": "unknown01258.txt", "true-author": "candidate00011"},
{"unknown-text": "unknown01259.txt", "true-author": "candidate00068"},
{"unknown-text": "unknown01260.txt", "true-author": "candidate00048"},
{"unknown-text": "unknown01261.txt", "true-author": "candidate00001"},
{"unknown-text": "unknown01262.txt", "true-author": "candidate00017"},
{"unknown-text": "unknown01263.txt", "true-author": "candidate00002"},
{"unknown-text": "unknown01264.txt", "true-author": "candidate00044"},
{"unknown-text": "unknown01265.txt", "true-author": "candidate00061"},
{"unknown-text": "unknown01266.txt", "true-author": "candidate00066"},
{"unknown-text": "unknown01267.txt", "true-author": "candidate00023"},
{"unknown-text": "unknown01268.txt", "true-author": "candidate00068"},
{"unknown-text": "unknown01269.txt", "true-author": "candidate00013"},
{"unknown-text": "unknown01270.txt", "true-author": "candidate00069"},
{"unknown-text": "unknown01271.txt", "true-author": "candidate00013"},
{"unknown-text": "unknown01272.txt", "true-author": "candidate00065"},
{"unknown-text": "unknown01273.txt", "true-author": "candidate00010"},
{"unknown-text": "unknown01274.txt", "true-author": "candidate00071"},
{"unknown-text": "unknown01275.txt", "true-author": "candidate00017"},
{"unknown-text": "unknown01276.txt", "true-author": "candidate00029"},
{"unknown-text": "unknown01277.txt", "true-author": "candidate00017"},
{"unknown-text": "unknown01278.txt", "true-author": "candidate00052"},
{"unknown-text": "unknown01279.txt", "true-author": "candidate00017"},
{"unknown-text": "unknown01280.txt", "true-author": "candidate00014"},
{"unknown-text": "unknown01281.txt", "true-author": "candidate00060"},
{"unknown-text": "unknown01282.txt", "true-author": "candidate00034"},
{"unknown-text": "unknown01283.txt", "true-author": "candidate00071"},
{"unknown-text": "unknown01284.txt", "true-author": "candidate00059"},
{"unknown-text": "unknown01285.txt", "true-author": "candidate00051"},
{"unknown-text": "unknown01286.txt", "true-author": "candidate00012"},
{"unknown-text": "unknown01287.txt", "true-author": "candidate00060"},
{"unknown-text": "unknown01288.txt", "true-author": "candidate00035"},
{"unknown-text": "unknown01289.txt", "true-author": "candidate00029"},
{"unknown-text": "unknown01290.txt", "true-author": "candidate00060"},
{"unknown-text": "unknown01291.txt", "true-author": "candidate00026"},
{"unknown-text": "unknown01292.txt", "true-author": "candidate00029"},
{"unknown-text": "unknown01293.txt", "true-author": "candidate00023"},
{"unknown-text": "unknown01294.txt", "true-author": "candidate00040"},
{"unknown-text": "unknown01295.txt", "true-author": "candidate00005"},
{"unknown-text": "unknown01296.txt", "true-author": "candidate00061"},
{"unknown-text": "unknown01297.txt", "true-author": "candidate00058"},
{"unknown-text": "unknown01298.txt", "true-author": "candidate00064"},
{"unknown-text": "unknown01299.txt", "true-author": "candidate00017"},
{"unknown-text": "unknown01300.txt", "true-author": "candidate00035"}
]
}